Model,Cluster,Silhouette,Keywords
all-MiniLM-L6-v2,0,-0.19983171,"cakeday happy, cake day, caketh day, day happy, cakeday, day aye, caketh, aye happy, happy cakeday, cake"
all-MiniLM-L6-v2,1,-0.19983171,"cake today, repost cake, day cake, cake unrelated, cake day, misspelling cake, cake happy, enjoy cake, birthday cake, real cake"
all-MiniLM-L6-v2,2,-0.19983171,"birthday happiest, birthday happy, happiest birthdays, birthdays happy, birthday enjoy, birthday today, wonderful birthday, happy birthdays, birthday glad, birthday great"
all-MiniLM-L6-v2,3,-0.19983171,"sighs violently, seeeee coloureds, brown woman, run away, stay calm, coloureds genuinely, educated brown, leave say, say sorry, coloureds"
all-MiniLM-L6-v2,4,-0.19983171,"feeling commercials, commercials, ad criticised, upcoming adverts, complaining commercial, adverts going, customers commercials, commercials casual, commercial commercial, love commercial"
all-MiniLM-L6-v2,5,-0.19983171,"cunt bot, bot sad, bot omg, bot horrible, sad bot, bot unconvincing, bots human, bot bad, lmao bot, bad bot"
all-MiniLM-L6-v2,6,-0.19983171,"crack tweet, lol tweet, read tweet, tweet actual, tweet twitter, tweet false, steals tweets, sees tweeting, tweet don, lol twitter"
all-MiniLM-L6-v2,7,-0.19983171,"themed skin, style skins, skin heads, idea skin, skins male, skin want, knight skin, skins basically, skins, need skin"
all-MiniLM-L6-v2,8,-0.19983171,"completely normal, normal like, im normal, yes normal, pretty normal, normal just, common normal, questions normal, look normal, new normal"
all-MiniLM-L6-v2,9,-0.19983171,"love love, brother love, unicorn love, love brother, love baby, need love, love clash, love tooooo, darling love, homie love"
all-MiniLM-L6-v2,10,-0.19983171,"monster clapped, clapped haaaahaaaahaaaa, monster clapping, clapped teacher, appropriate clapped, clapped kid, clapped genuinely, clapped applaud, wow clapped, clapped clapped"
all-MiniLM-L6-v2,11,-0.19983171,"groups fb, fb group, facebook team, friends facebook, fb facebook, facebook facebook, facebook, facebook saf, facebook doubt, thing facebook"
all-MiniLM-L6-v2,12,-0.19983171,"porn awkward, couple appear, make porn, watch porno, link couple, couple, awkward crossover, couple guy, ohhhhh couple, favorite couple"
all-MiniLM-L6-v2,13,-0.19983171,"2019 happy, happy 2019, 2019 congrats, new years, new year, 2019 welcome, awesome 2019, year happy, great 2019, 2019 test"
all-MiniLM-L6-v2,14,-0.19983171,"hated map, map better, map og, map awesome, maps sucks, good map, awesome map, hate deer, map play, map fortunately"
all-MiniLM-L6-v2,15,-0.19983171,"cute sweetest, romantic cute, cutest sweet, fiance sweetest, cute fiancé, fiance adorable, cute love, sweet adorable, sweet romantic, valentine cool"
all-MiniLM-L6-v2,16,-0.19983171,"frenching fyi, learn french, langage ok, translate phonetic, french help, frenching, langage, languages wonder, french poeple, really frenching"
all-MiniLM-L6-v2,17,-0.19983171,"ugly jerseys, jerseys like, maybe jerseys, jerseys brick, jerseys looked, jersey logo, jerseys haha, jerseys signed, hawks jersey, cardinals colors"
all-MiniLM-L6-v2,18,-0.19983171,"decades late, old 100years, ago decades, decades later, 400 years, couple decades, decades, like decades, 1000 years, old future"
all-MiniLM-L6-v2,19,-0.19983171,"cam footage, cameras like, safe cameras, cameras, camera crew, cam models, good cameras, security cam, camera spooked, security camera"
all-MiniLM-L6-v2,20,-0.19983171,"prayers help, help pray, help praying, family pray, need prayer, prayer help, wow prayers, perfect pray, thoughts prayers, prayers work"
all-MiniLM-L6-v2,21,-0.19983171,"jinxed hope, optimism hope, optimism bet, hope happening, game hope, doubt hope, optimism dial, lol optimism, hope doubt, optimism"
all-MiniLM-L6-v2,22,-0.19983171,"freshman describes, freshman guy, thought student, race idiot, freshman clearly, white guilt, young confused, teenager dumbass, dumbass teenager, talkers thinkers"
all-MiniLM-L6-v2,23,-0.19983171,"excited week, excited team, excited honestly, excited year, excited missed, excited football, don excited, let hype, hype let, agreed excited"
all-MiniLM-L6-v2,24,-0.19983171,"staged fake, cgi real, staged video, definitely fake, faked picture, fake really, fake looks, fake real, real fake, proving fake"
all-MiniLM-L6-v2,25,-0.19983171,"crying emotes, crying emoji, crying euphemism, stop crying, using crying, crying using, watch crying, crying crytpo, crying cube, rn crying"
all-MiniLM-L6-v2,26,-0.19983171,"doing flames, flames sub, flames, use bags, deal easier, dashboard yes, yes start, starting way, easier don, prompt dashboard"
all-MiniLM-L6-v2,27,-0.19983171,"cringey watched, cringe video, make cringe, cringe cringed, cringe cringe, cringe cringeworthy, cringe wow, video cringe, cringe unironically, cringe sentiment"
all-MiniLM-L6-v2,28,-0.19983171,"stressful mute, hearing unavoidable, play deaf, sound hearing, received mutes, playthrough quiet, mutes mute, deaf bad, hearing, mute"
all-MiniLM-L6-v2,29,-0.19983171,"preflexes tricked, preflexes, sense preflexes, pattern yes, feels structured, yes intimidating, uncomfortable time, inhumane time, spider sense, intimidating need"
all-MiniLM-L6-v2,30,-0.19983171,"vaccines turk, vaccinating children, vaccinate kids, vaccinated kids, vaccinated children, parent vaccinating, vaccinating child, vaccines parents, vaccination kid, vaccinations anti"
all-MiniLM-L6-v2,31,-0.19983171,"help fatter, obese want, stop fat, want fat, shape diet, recovering obese, fat unhealthy, problem fat, exercise girl, fat want"
all-MiniLM-L6-v2,32,-0.19983171,"want die, die wanna, wanna die, die want, die kill, die failing, kill want, die taking, death sweet, die died"
all-MiniLM-L6-v2,33,-0.19983171,"agnosticism atheism, denomination believes, atheism faith, decide church, atheist agnostics, atheism, faith atheist, church demonic, wrong denomination, church faith"
all-MiniLM-L6-v2,34,-0.19983171,"great books, fascinating books, good books, books world, books good, book best, books love, books definitely, influential book, books pretty"
all-MiniLM-L6-v2,35,-0.19983171,"bad horrible, worst horrible, seen terrible, bad awful, seen worst, horrible worst, horrible bad, terrible things, worst bad, terrible seen"
all-MiniLM-L6-v2,36,-0.19983171,"pleasant memory, great memories, remembers great, feel memory, memory love, memorable uh, soo memorable, memories, memories remember, memorable"
all-MiniLM-L6-v2,37,-0.19983171,"ruin coffee, safe coffee, coffee better, make tea, make coffee, coffee fancy, hot coffee, tea bad, poured tiramisu, cups tea"
all-MiniLM-L6-v2,38,-0.19983171,"leave ignorance, begin ignorance, defining ignorance, ignorant educate, ignorant ignorance, stay ignorant, proud ignorance, fix ignorant, ignorance ignorance, ignorant ceases"
all-MiniLM-L6-v2,39,-0.19983171,"rocking pebble, pebble 2se, pebble, fidget spinners, fidget, garbage looks, looks fun, looks terrible, playground pointless, thnx fidget"
all-MiniLM-L6-v2,40,-0.19983171,"scared photos, scared photograph, photos scared, creepy scared, picture scared, afraid terrifying, picture creepy, scared horrific, scared freaky, terrified imagine"
all-MiniLM-L6-v2,41,-0.19983171,"painting picture, painted painting, painting, audrey painted, paintings depictions, af painting, photo le, le painting, painting truly, shot beautiful"
all-MiniLM-L6-v2,42,-0.19983171,"love joke, ornery baby, ya love, hey like, baby like, love response, username love, baby love, sly love, comment like"
all-MiniLM-L6-v2,43,-0.19983171,"error lexical, error shaggy, comment poor, lexical, native idiom, gold _unexpected_error, _unexpected_error response, lexical think, yes _unexpected_error, idiom use"
all-MiniLM-L6-v2,44,-0.19983171,"laughs spartan, gta chuckles, gta, game enemies, fortnite breaking, spartan, hours gta, jump police, danger ﾉωﾉ, police cruiser"
all-MiniLM-L6-v2,45,-0.19983171,"assault rape, systematic rapes, advocating rape, definitions rape, rape ridiculous, understanding rape, rape torture, answering rape, rape liberals, rape essays"
all-MiniLM-L6-v2,46,-0.19983171,"frank songs, appreciate rap, album rap, rap song, rockin forever, songs worried, awesome songs, songs thinking, song rap, rap love"
all-MiniLM-L6-v2,47,-0.19983171,"video love, make video, guys video, video hit, video dreaded, video omg, video called, issue video, man video, video try"
all-MiniLM-L6-v2,48,-0.19983171,"allow insurance, insurance healthcare, insurance switching, healthcare insurance, buy insurance, getting insurance, insurance getting, insurance, health insurance, insurance insurance"
all-MiniLM-L6-v2,49,-0.19983171,"ammo cheaper, shotguns ammo, guns ammo, ammo muzzle, impressed ammo, ammo health, use shotguns, pistol costs, ammo like, use shotgun"
all-MiniLM-L6-v2,50,-0.19983171,"nerf guns, getting gun, manage guns, guns need, gun gangs, gun violence, gun gangster, guns danger, guns feel, guns forcing"
all-MiniLM-L6-v2,51,-0.19983171,"glitchy mobile, playground loading, iphone nightmare, bad mobile, app weird, annoying app, loading screen, laggy problem, screen twitch, head glitching"
all-MiniLM-L6-v2,52,-0.19983171,"nexus phones, cord phones, phones nokias, instead nokia, moto nexus, phones weren, phones unlike, getting phones, cared phones, phones phone"
all-MiniLM-L6-v2,53,-0.19983171,"sequels spider, remake sequels, prequel lucasfilm, prequel best, sequel trilogy, sequels, sequels called, choices sequels, sequels yes, true sequels"
all-MiniLM-L6-v2,54,-0.19983171,"rewatch series, worth watching, imax breathtakingly, daredevil, daredevil breaking, watched good, rewatch, loved series, watching definitely, showtime feel"
all-MiniLM-L6-v2,55,-0.19983171,"play runescape, runescape, grinding boring, gameplay grind, grinding game, school runescape, runescape kid, boring game, game addiction, runescape make"
all-MiniLM-L6-v2,56,-0.19983171,"overwatch nerf, game healers, team healer, healer really, healer, brig nerfs, healing legion, fuck healers, healers, becalmed healers"
all-MiniLM-L6-v2,57,-0.19983171,"playing ranked, luck ranked, im silver, tier silver, players silver, lol rank, wins ranks, won rank, ranked matches, reward tiers"
all-MiniLM-L6-v2,58,-0.19983171,"wear condom, remain virgin, relationship condoms, use condoms, condoms time, condoms need, condoms away, virgin dont, condom, condoms protect"
all-MiniLM-L6-v2,59,-0.19983171,"read college, college mrs, college broken, college worst, don college, savage college, stuck college, stay school, sad teacher, teacher disaster"
all-MiniLM-L6-v2,60,-0.19983171,"baby rape, infant baby, babies baby, poor babies, human babies, baby creepiest, babies world, screams baby, hiding baby, babies mention"
all-MiniLM-L6-v2,61,-0.19983171,"humor hurts, offensive humour, laughing jokes, unintentional humor, offended jokes, joking laughing, understanding humor, make laugh, laugh amused, humour laughed"
all-MiniLM-L6-v2,62,-0.19983171,"memes satire, meme satire, satire meme, memes ironic, memes irony, irony memes, satire cringe, meme theft, ironic meme, meme ideology"
all-MiniLM-L6-v2,63,-0.19983171,"live recycling, recycling option, engineering trash, best recycling, recycling, know recycling, example trash, trash dumpster, recycling fantasy, recycle"
all-MiniLM-L6-v2,64,-0.19983171,"dad jokes, dealing dad, dad pizza, dad talk, hang dad, dad makes, dad trying, dad abused, dad laugh, father needs"
all-MiniLM-L6-v2,65,-0.19983171,"kids age, treat kids, child ageism, ban parents, forcing children, parents age, 15 adopt, children age, hate kids, need parenting"
all-MiniLM-L6-v2,66,-0.19983171,"abuse abused, emotional abuse, abuse child, abuse neglect, abuse love, child abuse, abuse abusive, abusive relationships, abused yes, abusive physically"
all-MiniLM-L6-v2,67,-0.19983171,"height short, fat short, man height, complain tall, taller, short guy, guy short, tall hate, tall person, know tall"
all-MiniLM-L6-v2,68,-0.19983171,"smaller boobs, big boobs, use breasts, boobs penis, small breasted, boobs matters, boob veins, breasts biological, penis boobs, penis breast"
all-MiniLM-L6-v2,69,-0.19983171,"wish hilarious, parody like, parody pause, parody, just imagine, awesome wouldn, hilarious parody, parody cool, imagine fun, perfect wish"
all-MiniLM-L6-v2,70,-0.19983171,"beard wig, fix hair, avoid haircuts, gaps hair, hair split, barber hair, hair beard, bad haircut, haircuts stretched, haircut looks"
all-MiniLM-L6-v2,71,-0.19983171,"hat hairline, hat totally, terrify hat, does hat, hat change, totally hat, hat image, hats freebie, favorite hat, hats"
all-MiniLM-L6-v2,72,-0.19983171,"make friends, making friends, putting friends, friends available, friendships, friends hard, friends friendship, friendship jeopardize, friendships women, feel friends"
all-MiniLM-L6-v2,73,-0.19983171,"complaining canada, canada getting, place canada, going ottawa, canada rely, ottawa canada, canada bullshit, canada extremely, canada read, crazy canada"
all-MiniLM-L6-v2,74,-0.19983171,"thank xo, thank xd, xo thank, gorgeous amazing, thanks love, youre fantastic, thanks cute, beautiful appreciate, looks gorgeous, big sexy"
all-MiniLM-L6-v2,75,-0.19983171,"america lose, venezuela enjoying, america wrong, eh america, oil producers, wrong america, country uselessness, hilary lost, said venezuela, instead hillary"
all-MiniLM-L6-v2,76,-0.19983171,"concerning brexiteers, brexit shocked, brexit ireland, referendum tory, brexit bit, thoughts brexit, referendum worried, brexit afraid, brexiteers bit, brexiteers hate"
all-MiniLM-L6-v2,77,-0.19983171,"girlfriend cruel, concern gf, mug ladies, hate mug, safe gf, girlfriend broke, woman wanted, sister abusive, beat girlfriend, shes just"
all-MiniLM-L6-v2,78,-0.19983171,"stupid pronoun, questions stupid, game stupid, explain stupid, stupid meant, plays stupid, say stupid, stupid alright, shot stupid, stupid incredibly"
all-MiniLM-L6-v2,79,-0.19983171,"percentage yeeeeaaaaahhhhh, statistics yeeeeaaaaahhhhh, statistical minority, dubious statistical, statistics bad, percentages, percentage, percentage people, percentage really, wrong statistic"
all-MiniLM-L6-v2,80,-0.19983171,"unattractive ugly, unattractive arent, considered unattractive, personality ugly, ugly personality, unattractive people, attracted ugly, physically unattractive, unattractive, unattractive look"
all-MiniLM-L6-v2,81,-0.19983171,"dislike hate, hate dislike, grow hate, hate hate, hate people, exist hate, enemies hate, love hate, dislike people, haters love"
all-MiniLM-L6-v2,82,-0.19983171,"linking reddit, links post, post link, link create, links place, linking, use links, unarchived link, mysterious link, removed link"
all-MiniLM-L6-v2,83,-0.19983171,"leave guy, boyfriend feelings, understand parents, use toys, end relationship, relationship ending, guy projecting, toys read, talked boyfriend, toys"
all-MiniLM-L6-v2,84,-0.19983171,"husband confused, divorcing narcissistic, divorce husband, initiate divorce, problem husband, punishing husband, disputes husband, divorcing 20, need divorce, married problem"
all-MiniLM-L6-v2,85,-0.19983171,"love sub, sub obsessed, love subs, sub best, sub really, hate sub, best sub, sub existed, sub nice, hell sub"
all-MiniLM-L6-v2,86,-0.19983171,"systemic sexism, combat sexism, justifying gender, gender critical, surrounding masculinity, masculinity, toxic masculinity, sexism intersect, masculinity certain, attack masculinity"
all-MiniLM-L6-v2,87,-0.19983171,"attract women, women appealing, connect women, women real, women judging, taste women, real women, kind women, hook woman, woman kind"
all-MiniLM-L6-v2,88,-0.19983171,"breakup going, relationship ex, break ups, breakups hurt, breakup, end relationship, relationship leaving, breakup best, dating anymore, sorry breakup"
all-MiniLM-L6-v2,89,-0.19983171,"mod conspiracy, banned subreddits, banned subs, ban sub, subreddit gatekepping, help ban, banned sub, shadowbanned subreddit, post conspiracy, mod ban"
all-MiniLM-L6-v2,90,-0.19983171,"verifying trolls, trolls report, trolls trolls, trolls notice, trolls okay, troll trolls, accounts trolls, trolls waste, obvious trolls, trolls time"
all-MiniLM-L6-v2,91,-0.19983171,"stop reposting, stop reposted, hate reposts, reposts posting, constant reposts, repost alert, yeah repost, reposting things, repost stop, week reposts"
all-MiniLM-L6-v2,92,-0.19983171,"downvoting military, downvoting perceived, downvoting comments, karma downvoting, downvote karma, downvoted comments, karmastate downvoted, downvotes posts, downvoting idiocy, downvoted context"
all-MiniLM-L6-v2,93,-0.19983171,"pilots omg, plane flying, fly pilots, ahhhhhhhhghghhh pilots, fly solo, quit flying, flight fly, love flying, flying midway, recommend pilots"
all-MiniLM-L6-v2,94,-0.19983171,"breaking rules, rules breaking, breaking rule, rules posting, break rule, ignore rules, rules enforce, rules posts, removed rule, rule anzac"
all-MiniLM-L6-v2,95,-0.19983171,"deleted comments, hilarious delete, comment deleted, removed reporting, reporting comments, bad delete, mods deleted, delete sad, deleting posted, saying delete"
all-MiniLM-L6-v2,96,-0.19983171,"puzzled family, explain baffled, think puzzled, curiosity opinion, understand confused, think baffled, curious family, baffled puzzled, confusion baffled, puzzled say"
all-MiniLM-L6-v2,97,-0.19983171,"defining racism, views racist, racism posts, separating racist, racism racist, act racist, racist hypocrite, condescending racist, racism harassment, asserting racist"
all-MiniLM-L6-v2,98,-0.19983171,"expected surprise, unexpected surprised, expecting surprise, anticipation surprise, surprise expecting, surprise forgotten, unexpected expecting, expect unexpected, ruined surprise, pretty unexpected"
all-MiniLM-L6-v2,99,-0.19983171,"condolences loss, looking funeral, mourning loss, truly funeral, funeral sorry, funeral friend, thank condolences, funeral, condolences, heartbreaking sorry"
all-MiniLM-L6-v2,100,-0.19983171,"love background, omg quirky, love clever, hilarious omg, quirkyyyy love, love brilliant, hate brilliant, background amazing, thank haha, love omg"
all-MiniLM-L6-v2,101,-0.19983171,"sleep work, difficult sleep, need sleep, unbearable sleep, tired sleep, sleep issue, sleep hard, sleep cbd, sleep odd, sleep today"
all-MiniLM-L6-v2,102,-0.19983171,"getting time, make time, late time, asks time, proper timing, late omg, minutes late, directly time, taking time, late better"
all-MiniLM-L6-v2,103,-0.19983171,"adamtots great, videos accents, screams cosplayer, love adamtots, love youtube, good youtube, cosplayer absolutely, guy youtube, adamtots, jeeem videos"
all-MiniLM-L6-v2,104,-0.19983171,"word spells, spell words, say word, words wow, words literally, bigger thesaurus, word means, word spoken, words used, mishearing word"
all-MiniLM-L6-v2,105,-0.19983171,"agree statement, agree mean, sentiments agree, agreed statement, agree couldn, sentiments couldn, mean agree, agree comes, agree let, disagree wholeheartedly"
all-MiniLM-L6-v2,106,-0.19983171,"enjoy regret, choose regrets, regreting life, situation regret, pick regreting, life regret, decision regret, gonna regret, regret looking, opportunities regret"
all-MiniLM-L6-v2,107,-0.19983171,"clean welcome, welcome counter, counter clean, 113 welcome, thanks counter, ace thank, welcome pleasure, welcome ace, truly welcome, ayyy welcome"
all-MiniLM-L6-v2,108,-0.19983171,"fcuk wait, wait match, deserves waiting, waiting wait, calling wait, prompts wait, place wait, kept waiting, waiting entertaining, promise wait"
all-MiniLM-L6-v2,109,-0.19983171,"article interesting, interesting article, intrigued article, sources article, article hadn, article wow, article great, read article, article thought, article read"
all-MiniLM-L6-v2,110,-0.19983171,"news palmer, buzzfeed journalists, buzzfeed news, buzzfeed breitbart, news attacked, newspaper reporters, reporters news, unethical journalist, huffpost buzzfeed, sensationalist headlines"
all-MiniLM-L6-v2,111,-0.19983171,"science defending, biased science, scientific backing, experiments trust, scientists studies, misrepresenting data, science data, scientific research, reevaluate scientific, aren scientist"
all-MiniLM-L6-v2,112,-0.19983171,"hurting boner, getting pain, hurts period, pain temporary, sore pain, pain wont, cramps wont, pain amusing, wont pain, dulls pain"
all-MiniLM-L6-v2,113,-0.19983171,"opinions unpopular, unpopular opinions, unpopular opinion, controversial opinions, controversial opinion, dissenting opinions, definitely unpopular, opinion garbage, opinions mean, say unpopular"
all-MiniLM-L6-v2,114,-0.19983171,"denying lying, liar evidence, simple lies, sharing lies, immoral lies, lies immoral, baseless claims, proof lie, legal truth, claim lie"
all-MiniLM-L6-v2,115,-0.19983171,"defend argument, debate arguing, arguing player, idiot argument, argument arguing, football questioning, debate valid, essentially debate, debate exactly, debate good"
all-MiniLM-L6-v2,116,-0.19983171,"illnesses chiropractic, paralyzed dementia, pursue diagnosis, chiropractors bad, doctor afraid, chiropractor trying, diagnosis type, diagnosis, having seizure, thought chiropractors"
all-MiniLM-L6-v2,117,-0.19983171,"police wrong, police obligation, understand police, police opinion, make police, shouldn police, police enforcing, police work, cops gotten, police aren"
all-MiniLM-L6-v2,118,-0.19983171,"thinks caring, bothered care, cares cared, cared cares, eh care, care dont, caring dont, cared guess, cares want, care thinks"
all-MiniLM-L6-v2,119,-0.19983171,"5mg diazepam, 20mg issue, magnesium supplement, diazepam enjoyable, valium diazepam, diazepam congratulations, diazepam, diazepam yeah, alprazolam xanax, 15mg feel"
all-MiniLM-L6-v2,120,-0.19983171,"marijuana druggies, weed ecstasy, ignore weed, weed curious, smoking weed, weed psychedelics, weed worry, weed game, tell weed, cookies weed"
all-MiniLM-L6-v2,121,-0.19983171,"exploiting prison, jail constitution, crimes bail, jail sentences, felons discriminated, jail convicted, claiming jailor, jail crime, jail careful, force convict"
all-MiniLM-L6-v2,122,-0.19983171,"property lynching, destroyed property, illegal laws, lynching, explain illegal, legalization, legalize, legalize silliness, laws legalized, law illegal"
all-MiniLM-L6-v2,123,-0.19983171,"contacts eyes, eye problems, eye proceeds, eyes destroy, eye handling, eyes horrible, eye stifling, destroy pupils, eyes bug, lose eyes"
all-MiniLM-L6-v2,124,-0.19983171,"vent anger, frustration calm, calm satan, need anger, satan calm, reacting calm, doggo moderation, calm pissed, just calm, act angry"
all-MiniLM-L6-v2,125,-0.19983171,"self control, self esteem, control hate, hard repression, personal behavior, repression, repression correct, bad behavior, repression wow, selfish self"
all-MiniLM-L6-v2,126,-0.19983171,"russia destroyed, russia guilty, russia hiroshima, russia syria, guilty russia, russia war, terrorist destroyed, russian intelligence, control russia, russian behavior"
all-MiniLM-L6-v2,127,-0.19983171,"authoritarian venezuelan, venezuela dictatorship, authoritarian dictatorships, authoritarian religions, venezuelan dictators, weaned authoritarianism, authoritarianism oh, supporting authoritarian, authoritarianism, dictatorships utter"
all-MiniLM-L6-v2,128,-0.19983171,"cats lick, cat expecting, expecting kitty, cat pets, dogs cat, worried kitty, deserve pets, cat lick, cats love, dog cat"
all-MiniLM-L6-v2,129,-0.19983171,"thanks bunch, appreciated aw, thanks man, thank soooo, really appreciate, man thanks, thanks dude, thanks homie, hit thanks, thank man"
all-MiniLM-L6-v2,130,-0.19983171,"getting interview, school interview, help interview, interview congrats, great interview, going interviews, interview fantastic, luck interview, interview good, job interview"
all-MiniLM-L6-v2,131,-0.19983171,"tmor snoo, hear sorry, tmor, itll okay, conclusion tmor, sorry orange, snoo needs, snoo, dark don, sorry ve"
all-MiniLM-L6-v2,132,-0.19983171,"soul feel, feel soul, feeling feel, feels feel, feel feel, felt feel, feels feels, unfamiliar feeling, terrible feeling, getting feels"
all-MiniLM-L6-v2,133,-0.19983171,"margaritas read, learn booze, beer water, need drink, booze need, booze ice, drink bar, watch alcohol, drinks, beer soda"
all-MiniLM-L6-v2,134,-0.19983171,"hate hates, hates hate, saying hates, hates anime, hates, hates right, haters hates, genuine dislike, says hates, ssssshit hate"
all-MiniLM-L6-v2,135,-0.19983171,"palm fruit, deforestation plant, fate deforestation, palm products, cut palm, palm, deforestation, deforestation brilliance, know palm, products deforestation"
all-MiniLM-L6-v2,136,-0.19983171,"burn hand, burned hand, hand burned, people burn, burn socially, burns, burning, mild burns, wrong burn, burn way"
all-MiniLM-L6-v2,137,-0.19983171,"enjoy sunday, day good, evening good, great weekend, great night, good night, night glad, night cheers, good evening, day lovely"
all-MiniLM-L6-v2,138,-0.19983171,"make worried, getting worried, worry later, worried time, worried stay, worried kind, stay safe, worry tomorrow, worried going, going worry"
all-MiniLM-L6-v2,139,-0.19983171,"fish friends, fish parent, seafood tag, life fish, free fish, quote fish, love fish, food seafood, stick fish, fish"
all-MiniLM-L6-v2,140,-0.19983171,"seen taco, taco make, meals naw, best tortillas, food suggestions, craving tacos, eats tacos, taco, sandwich taco, taco nice"
all-MiniLM-L6-v2,141,-0.19983171,"gross disgusting, brutality disgusting, filth disgusting, straight disgusting, disgusting suddenly, start disgusting, second disgusting, disgusting freak, disgusting fascinating, stream disgusting"
all-MiniLM-L6-v2,142,-0.19983171,"shirts hilarious, fabrics shirt, clothes shirt, shirt problem, obese shirt, toes shirt, gayest shirts, socks shirt, shirt wear, shirts honesty"
all-MiniLM-L6-v2,143,-0.19983171,"moist panties, scents smell, love smell, gross smell, scents compliments, water panties, smell silk, does smell, scent, smells feels"
all-MiniLM-L6-v2,144,-0.19983171,"boogie trying, think thought, maybe boogie, thinking thought, thought thinking, boogie, thinking totally, thought thought, thought thing, did thought"
all-MiniLM-L6-v2,145,-0.19983171,"artwork amazing, custom art, storyline artwork, appreciate creativity, crafting story, artwork, beautiful penmanship, art btw, love creative, incredible work"
all-MiniLM-L6-v2,146,-0.19983171,"winter difficult, cold weather, weather cold, feeling winter, fuck winter, cold outside, cold chicago, treat winter, winter totally, snow temperatures"
all-MiniLM-L6-v2,147,-0.19983171,"talk ha, exclusion isn, sure exclusion, hahaha true, ha fair, lol exactly, talk true, day hahaha, lol true, sooooo true"
all-MiniLM-L6-v2,148,-0.19983171,"karen oh, karen, damn karen, huh hell, stars uhh, omg yes, hell oh, boop stars, riiiicchhh byyiiitttcchhh, karen ni"
all-MiniLM-L6-v2,149,-0.19983171,"choose unemployed, hate unemployed, unemployment significantly, success unemployment, unemployed choose, job recovery, unemployed like, jobs criminally, unemployment, unemployed"
all-MiniLM-L6-v2,150,-0.19983171,"old norse, norse, norse like, search function, heard search, search, feeling reading, reading, reading actually, reading thanks"
all-MiniLM-L6-v2,151,-0.19983171,"towns south, best state, new jersey, beautiful state, states south, missouri haha, town missouri, mo central, florida nj, nicer missouri"
all-MiniLM-L6-v2,152,-0.19983171,"endangering traffic, dangerous driving, driver safety, driver endangering, traffic accidents, traffic accident, legal safer, accidents following, vehicle accidents, stupid driving"
all-MiniLM-L6-v2,153,-0.19983171,"supervision therapy, therapist help, therapy help, therapist affecting, need therapy, seek therapist, getting therapy, psychologist therapist, seeing therapist, therapy scared"
all-MiniLM-L6-v2,154,-0.19983171,"asmr, asmr ll, kids sounds, dbt cool, usually asmr, cheers live, check sounds, look dbt, dbt, check cheers"
all-MiniLM-L6-v2,155,-0.19983171,"idea propose, idea coins, idea great, idea work, idea brilliant, idea omg, idea going, propose, idea totally, idea idea"
all-MiniLM-L6-v2,156,-0.19983171,"welfare actually, overestimate welfare, welfare, education wealth, welfare say, income social, comprehend wealth, use wealth, food stamps, does wealth"
all-MiniLM-L6-v2,157,-0.19983171,"tax rhetoric, consumption tax, taxes save, tax going, marginal taxes, make taxed, subsidies tax, taxes taught, high taxes, regulation taxation"
all-MiniLM-L6-v2,158,-0.19983171,"communism anarchist, anarchist trendy, anarchist okay, anarchist marxism, described anarchist, arguing anarchist, anarchist, anarchist capitalist, anarchist rally, anarchy communism"
all-MiniLM-L6-v2,159,-0.19983171,"dictatorships capitalist, capitalism fault, capitalist china, capitalist countries, government capitalism, governance capitalism, capitalism thrives, capitalist america, societies economic, beat capitalism"
all-MiniLM-L6-v2,160,-0.19983171,"hug dm, wanting hug, dm hug, hug needs, hug feel, need hug, initiate hug, want hug, hug feeling, quality hug"
all-MiniLM-L6-v2,161,-0.19983171,"anxiety issue, anxiety imagining, anxiety visions, depression anxiety, anxiety recently, anxiety normal, symptom anxiety, anxiety dissociation, overcome anxiety, anxiety needed"
all-MiniLM-L6-v2,162,-0.19983171,"arguing numb, opposite arguing, bothered comprehend, comprehending saying, comprehend reads, pointing anecdote, agreeing context, intentionally misinterpreting, irrelevant reply, comprehending"
all-MiniLM-L6-v2,163,-0.19983171,"shooting blatant, tied shotgun, guy shot, killed intentional, killed stunned, psychopathic bullet, box stabbed, killed believe, blanc kill, kill person"
all-MiniLM-L6-v2,164,-0.19983171,"severe dislocation, fracture, dislocated shoulder, procedure survived, dislocated, trauma repaired, concussion, thought dislocated, dislocation, decapitated guy"
all-MiniLM-L6-v2,165,-0.19983171,"doordash pays, pays minimum, minimum wage, force pay, smallest payments, ln payments, money doordash, payments safer, pay sucks, pays better"
all-MiniLM-L6-v2,166,-0.19983171,"dollars wondering, 20 cost, money cost, dollar idea, prices dollars, price split, 20 cents, pricing discrepancy, 25 bucks, dollars stupid"
all-MiniLM-L6-v2,167,-0.19983171,"helps sneakarchy, sneakarchy sure, cheers solves, guide thank, glad help, glad helpful, cheers definitely, yep helps, cheers appreciate, foundation problem"
all-MiniLM-L6-v2,168,-0.19983171,"apologies sorry, worries appreciate, sorry ex, worries nice, apologies ve, haha apologies, worries just, yes apologies, apologies oh, okay apologies"
all-MiniLM-L6-v2,169,-0.19983171,"information ok, explaining okay, information ohh, unaware, explaining thanks, explaining thank, info got, information, info oh, info mate"
all-MiniLM-L6-v2,170,-0.19983171,"misunderstanding bad, mistaken apologies, bad unclear, mistyped said, yeah misread, corrected bad, misread yeah, apologies appreciate, apologies ve, correction bad"
all-MiniLM-L6-v2,171,-0.19983171,"confidence practicing, help confidence, suffer confidence, confidence realizing, confident practice, need confidence, dreams confidence, improvising practicing, success confidence, self confidence"
all-MiniLM-L6-v2,172,-0.19983171,"oppose fascism, criticizes fascist, fascist criticizes, thanks fascism, understand fascism, fascism fascist, fascist funny, fascism incompatible, fascism fascists, fascist retards"
all-MiniLM-L6-v2,173,-0.19983171,"sharing cynical, cynical experiences, empathy thanks, showing kindness, thank cynical, learn compassionate, comfort thank, sympathy empathy, extremely cynical, cynical im"
all-MiniLM-L6-v2,174,-0.19983171,"buy happiness, miserable happiness, happiness money, miserable positive, happiness sad, unhappiness happiness, happiness fleeting, life miserable, happiness yeah, happiness realization"
all-MiniLM-L6-v2,175,-0.19983171,"hope recovers, happier sorry, feeling better, recovers updated, feeling okay, sadness hope, happy just, hope ended, feel better, stay strong"
all-MiniLM-L6-v2,176,-0.19983171,"neoliberal right, neocons angry, anti brussels, centrists want, right centrists, partisan direction, make neocons, brussels senators, vox populi, howling neoliberal"
all-MiniLM-L6-v2,177,-0.19983171,"block immigration, solution immigration, tough immigration, wanting immigration, thank illegals, immigrants deserve, border security, protecting border, immigration, immigration don"
all-MiniLM-L6-v2,178,-0.19983171,"wall funding, wall deport, wall ironic, wall funded, approve wall, getting wall, border wall, oppose wall, build wall, wall thinking"
all-MiniLM-L6-v2,179,-0.19983171,"advice appreciate, advice helpful, appreciate advice, advice apologize, posting advice, precious advice, advice thanks, thanks advice, giving advice, advice friend"
all-MiniLM-L6-v2,180,-0.19983171,"singapore luck, luck best, luck buddy, best luck, good luck, luck hope, luck friend, luck great, luck weekend, luck good"
all-MiniLM-L6-v2,181,-0.19983171,"accomplishment proud, proud proud, proud awesome, proud absolutely, proud, amazing proud, proud finally, super proud, happy proud, thank proud"
all-MiniLM-L6-v2,182,-0.19983171,"congratulation congrats, congrats congrats, congratulations embroidery, congratulation wow, tobacco congrats, congrats going, congratulations congratulations, won congrats, congrats happy, congrats best"
all-MiniLM-L6-v2,183,-0.19983171,"names feel, unlikable shes, love names, named girl, killer mrs, bad impersonification, named mom, unlikable, daughter awful, girl ugly"
all-MiniLM-L6-v2,184,-0.19983171,"subhuman tattoo, brother looks, cousin looks, character looks, tattooed like, thought tattooed, jok character, tattoo lol, tattoo, vengeance looks"
all-MiniLM-L6-v2,185,-0.19983171,"want repent, forgiveness burn, forgiveness, simple forgive, repent oh, apologize feel, repent repent, repent, wrong repent, forgive"
all-MiniLM-L6-v2,186,-0.19983171,"trolling represents, calling outraged, outrage upset, outraged penalised, outrage don, outraged actions, outrage, outrage yeah, people outraged, sure outraged"
all-MiniLM-L6-v2,187,-0.19983171,"degrassi think, guy degrassi, degrassi like, degrassi, episode lines, stupid episode, episode don, episode removing, vulcan council, episode oh"
all-MiniLM-L6-v2,188,-0.19983171,"constantly offsides, reviewable offsides, offsides, offsides pretty, wrong offside, offside games, offsides positions, calling offside, fouls intentional, refs seriously"
all-MiniLM-L6-v2,189,-0.19983171,"pot broke, ramen, guy quotes, ramen coffee, people comment, pot, man people, man tried, juicy funny, man apologized"
all-MiniLM-L6-v2,190,-0.19983171,"say thank, capturing quote, created thank, thank disaster, quote thank, collection thank, quote make, flood thanks, thank finally, thank capturing"
all-MiniLM-L6-v2,191,-0.19983171,"best qbs, season qb, win redskins, qb success, worst qbs, qb especially, qb nfc, redskins best, starting qbs, best qb"
all-MiniLM-L6-v2,192,-0.19983171,"seoul rematch, korean teams, bama repeat, destroying bama, beating osu, beat osu, osu better, national championship, wants bama, rematch uva"
all-MiniLM-L6-v2,193,-0.19983171,"canes hockey, hate leafs, loves hockey, love hockey, suck hockey, leafs win, playing leafs, hockey canucks, defense leafs, hockey love"
all-MiniLM-L6-v2,194,-0.19983171,"saints pats, pats fans, rams saints, pats fan, superbowls ready, vikings fan, saints agree, dude saints, saints chiefs, actual superbowl"
all-MiniLM-L6-v2,195,-0.19983171,"draft pick, pick trade, 1st pick, pick drafting, draft picks, picks traded, draft prospect, draft ab, fantasy draft, roster mavs"
all-MiniLM-L6-v2,196,-0.19983171,"powell play, season powell, stay pulju, pulju looking, powell, guy pulju, pulju, rim pulju, let wes, excellent player"
all-MiniLM-L6-v2,197,-0.19983171,"dinosaurs oh, oh unleashed, lizard oh, electrocuted oh, lizard god, oh dinosaurs, electrocuted god, unleashed beast, refers lizard, oh daoc"
all-MiniLM-L6-v2,198,-0.19983171,"worst game, game cm, cp3 game, worse play, game sad, game game, revenge game, played terrible, game pretty, play good"
all-MiniLM-L6-v2,199,-0.19983171,"fake names, change initials, initials fake, initials, label hate, hate hates, hates, hate like, hate hate, bad hate"
all-MiniLM-L6-v2,200,-0.19983171,"hurt team, roster opposed, roster deadline, roster sucks, team reason, rb named, bench season, roster schiano, sell team, change team"
all-MiniLM-L6-v2,201,-0.19983171,"life names, need cigarette, cigarette playing, cigarette, packer, names, smoked, names happiest, packer unlocked, met life"
all-MiniLM-L6-v2,202,-0.19983171,"start want, hope likes, names want, fb like, proposal don, like plan, ambitious lobs, names think, proposal, say want"
all-MiniLM-L6-v2,203,-0.19983171,"love loved, love love, loves love, breaks love, love moment, loved love, love reminds, comment love, year love, love enjoyed"
all-MiniLM-L6-v2,204,-0.19983171,"gem sweet, bite amazing, face awesome, amazing surly, smash faces, uprights amazing, sweet awesome, amazing frisky, love amazing, face coolest"
distilbert-base-uncased,0,-0.2921627,"sarcastically oooh, sacrilege oof, oooh yeah, thanks clarification, ahh gotcha, snowflake hearts, gotcha thanks, love olaplex, big snowflake, boooo hisss"
distilbert-base-uncased,1,-0.2921627,"outlive don, just dont, dont worry, ll outlive, answer dont, sex darndest, darndest feeling, breath dont, try hard, punchline bastard"
distilbert-base-uncased,2,-0.2921627,"fuck extremists, extremists bingo, brainwashed oppressed, extremists race, extremists hiroshima, internet disappoints, disappoints disadvantages, extremists negotiations, liberals brainwashed, disappoints free"
distilbert-base-uncased,3,-0.2921627,"trash infacy, upvotes happy, fuck horrifying, ask downvotes, downvotes hell, hell tmor, welcome upvotes, massively refreshmentos, tmor talking, downvoted say"
distilbert-base-uncased,4,-0.2921627,"seen unbelievably, unbelievably bad, unbelievably, bad unironically, unironically worst, seen unironically, went unironically, seen upvote, years saddest, saddest thing"
distilbert-base-uncased,5,-0.2921627,"heretic unspeakable, houses unspeakable, unspeakable scientifical, hurrah duress, traitorous vermin, hurrah hurrah, alive detract, hurrah heretic, pens redeemed, tragedies peeps"
distilbert-base-uncased,6,-0.2921627,"patience steadfastness, steadfastness protect, past sacrificing, sacrificing sins, mercifully swt, steadfastness, righteousness does, yes applaud, sacrificing, sin sinner"
distilbert-base-uncased,7,-0.2921627,"let nonexistent, nonexistent child, amen reality, did selfless, selfless sacrifice, die thats, brave die, sacrifice true, woman counteracting, hill amen"
distilbert-base-uncased,8,-0.2921627,"unintentionally hurt, nightmare ostracized, trigger unintentionally, ostracized people, cruel uncaring, unintentionally, happen horrifying, uncaring universe, horrifying think, cut horrifying"
distilbert-base-uncased,9,-0.2921627,"fearmongering getting, constipated really, mmmm unforbidden, lmfao yeah, unmemorable dude, pant shittingly, say upvote, daaaaamn crappy, disheartening going, yup unmemorable"
distilbert-base-uncased,10,-0.2921627,"unassembled saddest, just reevaluate, delusion colliding, deconstructed just, saddest thing, fluctuates yes, fluctuates regret, reevaluate literally, totally believable, spelling disenchanted"
distilbert-base-uncased,11,-0.2921627,"headaches tylenol, calorie snorting, medicine gastroparisis, nagafencod ecstatic, nightmares opiates, glucosamine yaz, 10mcg cyanocobalamin, glucosamine 0mg, ibuprofen teething, enjoyable alprazolam"
distilbert-base-uncased,12,-0.2921627,"sorry errant, jealous just, errant surge, yes hate, getting worried, breathing hard, jealous oh, experience yes, like doubt, just enjoy"
distilbert-base-uncased,13,-0.2921627,"got love, love hey, love got, really feeling, like love, love look, love love, forever really, love like, big crush"
distilbert-base-uncased,14,-0.2921627,"spades love, hate fortnite, love spades, love ashtray, love artic, hate furries, lighthouses love, ashtray wtf, hate fags, love hate"
distilbert-base-uncased,15,-0.2921627,"retarded laughed, feel retarded, recoiled laughed, recoiled heart, drunk mouthy, recoiled felt, makes smile, gave laugh, mouthy keeps, smile feel"
distilbert-base-uncased,16,-0.2921627,"really hate, really hurts, hate really, love really, hurts really, love worded, hurt feel, loves really, hate hurts, kyber feel"
distilbert-base-uncased,17,-0.2921627,"the_fuzz_damn_you hug, cakeday the_fuzz_damn_you, cheers_im_drunk_bot know, cheers_im_drunk_bot good, cheers cheers_im_drunk_bot, cheers_im_drunk_bot attempts, the_fuzz_damn_you, cheers_im_drunk_bot, cakeday yosoyjackiejorpjomp, sorry bookluvr83"
distilbert-base-uncased,18,-0.2921627,"naa sure, really don, shouldn naa, just don, don know, don yes, don think, yes don, right oh, believe don"
distilbert-base-uncased,19,-0.2921627,"monstrosity macaroni, blashphemous pizza, expired marshmallows, pretzel monstrosity, pickle relish, marshmallows hell, cheeseburger eat, meat veggie, nourish bistro, forget gravy"
distilbert-base-uncased,20,-0.2921627,"menus filthiest, steak ketchup, ketchup bit, mcd hamburgers, muffler shop, pickles just, taste catfood, chooks bro, filthiest thing, dyin syringe"
distilbert-base-uncased,21,-0.2921627,"just holla, hit shifty, right gona, ya goofed, naw good, welp guess, rougher night, gotta guy, gonna come, trouble bottomed"
distilbert-base-uncased,22,-0.2921627,"misinterpret lol, hard misinterpret, droid punctuation, disjointed thoughts, profanity lol, interrupted disjointed, mean colloquia, misinterpret, reddit derogatory, kind profanity"
distilbert-base-uncased,23,-0.2921627,"guess coworker, got rivet, coworker plenty, sleazy lot, rusher theres, pretty sleazy, curbed hoarding, qvc hoarders, think lmao, good loot"
distilbert-base-uncased,24,-0.2921627,"fmcsa downshifting, thanks endangering, hitchhiking ll, swerve kill, camera downshifting, specific hitchhiking, lane swerve, way anxieties, starts reversing, stop whining"
distilbert-base-uncased,25,-0.2921627,"schizophrenic episode, mania schizophrenic, disfigured hyperthyroidism, marginalization gluttonophobia, apophenia symptom, gluttonophobia flashbacks, immunocompromised person, hyperthyroidism best, anxiety vasectomies, schizophrenic"
distilbert-base-uncased,26,-0.2921627,"lookkit photergraph, username lmao, username subscribed, username username, username lookkit, ftfy username, love username, msdn look, username love, lmao love"
distilbert-base-uncased,27,-0.2921627,"tomorrow checkup, showerer stay, happy commute, buffett tripping, work panicking, changing biomedicine, got icu, frosty ready, commute yeah, joys bumbling"
distilbert-base-uncased,28,-0.2921627,"tiggers goddamnit, anyways spork, gotta tweak, tweak ya, reason tiggers, playthrough soon, know spork, spork just, remember freakin, buttocks ohhh"
distilbert-base-uncased,29,-0.2921627,"hate barstool, lose ez, kink shame, fine getting, right bruh, got stop, getting die, ez don, getting hit, gonna just"
distilbert-base-uncased,30,-0.2921627,"unfunny situation, motherfucking pecker, snac unfunny, dunno backhanded, wantsyou rugsweep, freefreebradshaw yeah, upvote bastard, upvote hell, damn upvote, carebear fuck"
distilbert-base-uncased,31,-0.2921627,"ofcourse debunk, bowser wobble, shit ofcourse, lol shugos, hug lol, look alot, nemo just, finding nemo, classy just, straights scare"
distilbert-base-uncased,32,-0.2921627,"otherpeoplesbabies misspelling, downvote_me_moreyolo posting, look downvote_me_moreyolo, spreadsheeters everyfuckingthread, babyhitler otherpeoplesbabies, downvote_me_moreyolo, spammers susbscribed, frysuspiciouseyes jpg, otherpeoplesbabies read, specifically everyfuckingthread"
distilbert-base-uncased,33,-0.2921627,"ahh yeah, reciept oops, look reciept, crazy whoops, whoops didn, omg sorry, okay thank, oh okay, sorry bruh, haha yeah"
distilbert-base-uncased,34,-0.2921627,"goodmorning wish, inconvenienced applaud, happyfriendlybot thanks, thankyou congrats, good happyfriendlybot, thank upvote, reply goodmorning, inconvenienced thanks, hellscape congrats, happyfriendlybot thank"
distilbert-base-uncased,35,-0.2921627,"smoggish winter, climate unapologetic, pretty smoggish, drizzle days, watching evaporate, refrigeration winter, tldr drizzle, sunrises sunsets, snowpack melts, imaginable good"
distilbert-base-uncased,36,-0.2921627,"thank man, thank xo, thank goodness, thanks thank, thank destruct, thank thank, welcome thank, thank welcome, yes thank, goodness thank"
distilbert-base-uncased,37,-0.2921627,"thanks okay, alright thanks, okay thanks, yeah thanks, thank okay, thanks hun, thanks hey, hey thanks, thanks oh, thank hey"
distilbert-base-uncased,38,-0.2921627,"yeah motherfucker, motherfucker fucking, fuck damnit, studid fuckin, fuck giveaways, shitpost dunked, balls fuckin, shits damn, fuckin fucking, fuck gif"
distilbert-base-uncased,39,-0.2921627,"misspelled disrespectful, disrespectful don, unconvinced did, entirely unconvinced, misconceptions like, disrespectful, gross misconceptions, bot unconvincing, unconvincing alt, asking morbidly"
distilbert-base-uncased,40,-0.2921627,"awesome awesome, awesome omg, yeah awesome, really awesome, awesome amazing, wow amazing, awesome great, got awesome, yeah great, love awesome"
distilbert-base-uncased,41,-0.2921627,"gets fertilize, soverinity snowflake, soverinity play, gnats hamstrung, filthy birdbrain, happen waterspouts, snowflake upset, replying mah, bloomer waterspouts, talk spermatozoid"
distilbert-base-uncased,42,-0.2921627,"gameofthrones like, game unfixably, hitboxes imprecise, lawdaddy dadturion, guys downvote, gameofthrones rounds, unfixably bad, doritos know, shoddy hitboxes, got vermintide"
distilbert-base-uncased,43,-0.2921627,"playthrough nier, hours playthrough, rifle playthrough, shithead salaried, playthrough wanted, 30k unrealistic, going arbitrarily, shootaround yknow, arbitrarily grinding, napkins dont"
distilbert-base-uncased,44,-0.2921627,"relantionships dudes, stickshift yeah, dudes irl, relapsed tonight, stoped looking, got ablation, broken relapsed, goner crazy, pretty skewed, dudes lose"
distilbert-base-uncased,45,-0.2921627,"bakayoko zappacosta, drinkwater bakayoko, like hestitant, hestitant make, thibs guys, wants rile, backstop maybe, upsets happened, happen upsets, skinning resourceful"
distilbert-base-uncased,46,-0.2921627,"getting outplayed, unchecked bested, really egregious, shitshow season, relive offseason, lol mediocrity, mediocrity just, jornada isu, edgewalking lmao, lmfao going"
distilbert-base-uncased,47,-0.2921627,"awesome anecdotal, kinda itchy, terrifying misogyny, unfathomably rapid, weird traumatising, irritating misogyny, infuriating amazing, infuriating catdog, sense horrifying, depressing heartwarming"
distilbert-base-uncased,48,-0.2921627,"soooo arduous, arduous look, laziness fact, stadium ludicrous, plan improvise, ludicrous wonder, ludicrous kind, intrusive questions, depth laziness, just reroll"
distilbert-base-uncased,49,-0.2921627,"freaking cheesy, tweet reeks, trashy misogynistic, preggers stinky, rugs pissing, annoying cringey, extremely cringey, pinky stinky, hoodies lol, stinky pinky"
distilbert-base-uncased,50,-0.2921627,"sorry lmfao, just vaccinated, anxiety lmfao, lmfao tax, nice lmfao, struggle diagnose, diagnose sorry, vaccinated knowledge, thats good, sorry pressuring"
distilbert-base-uncased,51,-0.2921627,"stop overthinking, overthinking try, just disrespectful, uncontrollably right, friendship jeopardize, bad disrespected, uncontrollably really, sleep embarrass, coworker incompetent, people mindblowing"
distilbert-base-uncased,52,-0.2921627,"crazy pessimistic, make snarky, pessimistic generic, coworkers think, flair coworkers, believe assembling, voted coworkers, credited desegregate, undervalue experts, people enamoured"
distilbert-base-uncased,53,-0.2921627,"watching boomerang, started dishwasher, got lousy, camaraderie trucker, coworker got, yeah vaccination, did nutmeg, fun coworker, mom rages, got crappy"
distilbert-base-uncased,54,-0.2921627,"unladylike depressing, people homewrecker, divorcing narcissistic, feel sympathize, inevitability yeah, sympathize mentalcels, just bloating, unproductive love, understatement want, homewrecker slept"
distilbert-base-uncased,55,-0.2921627,"unquestionable truth, reply whataboutism, whataboutism point, explanation undemocratic, say unquestionable, inconvenient truth, herders uninformed, reason downvote, impactful explanatory, theory downvoted"
distilbert-base-uncased,56,-0.2921627,"rollercoaster cruelly, idiot trainwreck, idiotic thing, trainwreck nasty, garbage croc, joke rollercoaster, start idiotic, homie god, rollercoaster wonderful, rollercoaster pretty"
distilbert-base-uncased,57,-0.2921627,"whatup le, happened whatup, haha did, does telepathically, haha vids, worse haha, whatup, telepathically black, retail haha, lol mean"
distilbert-base-uncased,58,-0.2921627,"fuck hypocrisy, stopped ridiculing, whataboutism grow, ask embarrass, theories whataboutism, far disrespect, ridiculing things, hypocrisy unbelievable, disrespect notorious, ass inexcusable"
distilbert-base-uncased,59,-0.2921627,"masculinity squishy, outcomes horrendous, blame unrealistic, unrealistic wants, horrendous reflected, facts relevence, toxic masculinity, virtuous logic, vs causation, man downvotes"
distilbert-base-uncased,60,-0.2921627,"racist xenophobes, misogynistic undertones, greed illiberalism, misrepresentations think, exaggeration ridicule, undertones denigrating, fun misrepresentations, culture misrepresented, toxic masculinity, internalised misogyny"
distilbert-base-uncased,61,-0.2921627,"disordely brexit, shite brexit, shafted brexit, really brexit, doing brexit, thinking brexit, brexit 649, brexit turd, brexit remainers, way brexit"
distilbert-base-uncased,62,-0.2921627,"misinformed guys, dad misinformed, joke misinformed, good delusional, delusional joke, mad contradicted, misinformed mean, correct delusional, grandmother contradicted, wrong delucional"
distilbert-base-uncased,63,-0.2921627,"wow ooooooo, tater oohhooo, turn oohhooo, ooooooo burns, updoots loveeeeee, dude woohoo, emo daddddyyy, oohhooo cold, manipulative daddddyyy, omg hooray"
distilbert-base-uncased,64,-0.2921627,"yes oops, oops yeah, poops wonderfully, hellz yeah, shits awesome, oops oh, come shits, oh okay, yeah oh, hell shits"
distilbert-base-uncased,65,-0.2921627,"trump derangement, cultists trumps, gop foiled, politicians capitulate, paralyzing government, navies tyrants, tool enslave, ramifications putting, tyrants oppress, thought ramifications"
distilbert-base-uncased,66,-0.2921627,"hotbed conservatism, opposing ethnonationalism, hypocrisy doublethink, conservatism stolen, socdems counterrevolutionary, welcome idiocracy, ethnonationalism private, marketers populist, confussion populism, conservatism making"
distilbert-base-uncased,67,-0.2921627,"stay strong, die safe, just wait, grow love, wait just, let wait, die stop, wait good, love die, safe man"
distilbert-base-uncased,68,-0.2921627,"scary lmao, freaky like, really senseless, really cringe, lmfao goat, scary freaky, iwobi cool, homie cuteee, handsome lmao, coppers really"
distilbert-base-uncased,69,-0.2921627,"castrate pedophiles, cybersquatting illegal, construed cybersquatting, unreasonable blatant, tyranny afaik, craves tyranny, convicted boobytrapping, noun flogging, opposes coercive, blatant racism"
distilbert-base-uncased,70,-0.2921627,"socialism fawning, risky absolueltey, absolueltey wrong, accepting unprofitable, hungry totalitarians, capitalists fawn, conglomerates shitbags, meritocracy uncorrupted, underestimated democracy, underestimate big"
distilbert-base-uncased,71,-0.2921627,"dankmemes ididnotvoteforthisclown, ididnotvoteforthisclown like, ididnotvoteforthisclown oh, kidding subsithoughtifellfor, sadcringe lmao, justiceforshangeia lmao, sadcringe 1r0nyman, 897w346354365fdddfs said, help ididnotvoteforthisclown, brogue vaxxhappened"
distilbert-base-uncased,72,-0.2921627,"heres upvote, way whataburger, unbeleivable yasssss, yasssss loathed, didnt downvote, wowwww dont, honestly whataburger, thats wack, hungasfuck doing, good whataburger"
distilbert-base-uncased,73,-0.2921627,"showgirls better, believe showgirls, silly understated, facsimile movies, soulless facsimile, think predated, fans despise, stuff skypeia, despise got, despise really"
distilbert-base-uncased,74,-0.2921627,"lol unsub, lol theyre, lol lod, lol lol, lol okay, thats gnarly, lol good, lol just, thing lol, lol better"
distilbert-base-uncased,75,-0.2921627,"hahahahahahahahaha oh, hahahahahahahaa sorry, know hahahahahahahaa, did hahahahahahahahahahahahaha, perfect hahahahahahahahaha, hahaha hahahahahahahaa, hahahahahahahahahahahahaha haha, ahahahhahahahahahaha haha, hahaha bhahahahahahahahah, bahahahahahaha haha"
distilbert-base-uncased,76,-0.2921627,"shooooooooooooooooooooooooooocker wwwhhhhyyyyy, eaaaaarth shooooooooooooooooooooooooooocker, shooooooooooooooooooooooooooocker hmmmm, soooooooooooooooooooooooooooooooooooooooooon aaaaaaaaaaaaaahhh, soooooooooooooooooooooooooooooooooooooooooon motherfucking, shooooooooooooooooooooooooooocker, issue soooooooooooooooooooooooooooooooooooooooooon, lmaoooooooooooooooooooo haha, soooooooooooooooooooooooooooooooooooooooooon great, soooooooooooooooooooooooooooooooooooooooooooooooooo quirky"
distilbert-base-uncased,77,-0.2921627,"disappoint rock, managed disappoint, bands bittersweet, awful underratedly, lmao kinda, listen fav, grandoozy lineup, starting yeezus, yeezus album, does outro"
distilbert-base-uncased,78,-0.2921627,"horrendous season, nemo horrendous, rumble stargazing, nathanforyou episode, rebranded stargazing, ago stargazing, slexie life, horrendous, gets funnier, bendelacreme time"
distilbert-base-uncased,79,-0.2921627,"words teleprompter, watch garfunkel, garfunkel oates, dogmatics videos, teleprompter speech, 2x08 actually, happy saquads, outro dad, saquads video, 2x08 favourite"
distilbert-base-uncased,80,-0.2921627,"shit roasting, cummonists fuck, creeps damn, hippies damn, damn hippies, fuck creeps, fuckin stink, creeps yeah, cummonists damn, damn autistic"
distilbert-base-uncased,81,-0.2921627,"untouchable fam, hurr durr, yesssssss fine, yesssssss really, yessss wake, queen yesssssss, oh yesssss, kids upvoted, yesssss like, entertainment yessss"
distilbert-base-uncased,82,-0.2921627,"unbelievably playing, believe unbelievably, contract horrendous, sucked inflamed, disingenuous movie, unbelievably, horrendous hated, forced disingenuous, horrendous, lot insecurities"
distilbert-base-uncased,83,-0.2921627,"got complacent, imbecile hero, idk unrealistic, imbecile love, farfetched lol, allergic motherloving, tooting fart, complacent deal, lmao say, motherloving clearly"
